Workbook

Sheet Inputs
A1: Variable | B1: Description | C1: Unit | D1: Example
A2: FC_AMT | B2: Foreign-currency receivable | C2: EUR | D2: 4500000
A3: S0 | B3: Spot rate | C3: USD/EUR | D3: 1.06
A4: F0 | B4: Forward rate | C4: USD/EUR | D4: 1.0875
A5: r_USD | B5: USD interest rate | C5: % | D5: 0.04
A6: r_EUR | B6: EUR interest rate | C6: % | D6: 0.02
A7: t | B7: Time to maturity (years) | C7: Years | D7: 1
A8: K_put | B8: Put strike price | C8: USD/EUR | D8: 1.06
A9: K_call | B9: Call strike price | C9: USD/EUR | D9: 1.06
A10: Premium_put | B10: Put option premium | C10: USD | D10: 0.015
A11: Premium_call | B11: Call option premium | C11: USD | D11: 0.018

Sheet Forward & Money Market
A1: Calculation | B1: Formula / Description
A2: Forward Hedge USD Proceeds | B2: =Inputs!D2 * Inputs!D3 -> 4770000
A3: Money Market Hedge - EUR PV | B3: =Inputs!D2 / (1 + Inputs!D5 * Inputs!D6) -> 4496402.9
A4: Convert EUR to USD at Spot | B4: =B3 * Inputs!D3 -> 4766187.1
A5: Invest USD at r_USD | B5: =B4 * (1 + Inputs!D4 * Inputs!D6) -> 4869851.6
A6: Money Market Hedge USD Proceeds | B6: =B5 -> 4869851.6

Sheet Option Hedges
A1: S_T (Spot at Maturity) | B1: Put Proceeds | C1: Call Proceeds
A2: 1.007 | B2: =MAX(Inputs!D7 - A2, 0) * Inputs!D2 - Inputs!D9 -> -1.06 | C2: =MAX(A2 - Inputs!D8, 0) * Inputs!D2 - Inputs!D10 -> -0.015
A3: 1.0176 | B3: =MAX(Inputs!D7 - A3, 0) * Inputs!D2 - Inputs!D9 -> -1.06 | C3: =MAX(A3 - Inputs!D8, 0) * Inputs!D2 - Inputs!D10 -> -0.015
A4: 1.0282 | B4: =MAX(Inputs!D7 - A4, 0) * Inputs!D2 - Inputs!D9 -> -1.06 | C4: =MAX(A4 - Inputs!D8, 0) * Inputs!D2 - Inputs!D10 -> -0.015
A5: 1.0388 | B5: =MAX(Inputs!D7 - A5, 0) * Inputs!D2 - Inputs!D9 -> -1.06 | C5: =MAX(A5 - Inputs!D8, 0) * Inputs!D2 - Inputs!D10 -> -0.015
A6: 1.0494 | B6: =MAX(Inputs!D7 - A6, 0) * Inputs!D2 - Inputs!D9 -> -1.06 | C6: =MAX(A6 - Inputs!D8, 0) * Inputs!D2 - Inputs!D10 -> -0.015
A7: 1.06 | B7: =MAX(Inputs!D7 - A7, 0) * Inputs!D2 - Inputs!D9 -> -1.06 | C7: =MAX(A7 - Inputs!D8, 0) * Inputs!D2 - Inputs!D10 -> -0.015
A8: 1.0706 | B8: =MAX(Inputs!D7 - A8, 0) * Inputs!D2 - Inputs!D9 -> -1.06 | C8: =MAX(A8 - Inputs!D8, 0) * Inputs!D2 - Inputs!D10 -> 47699.985
A9: 1.0812 | B9: =MAX(Inputs!D7 - A9, 0) * Inputs!D2 - Inputs!D9 -> -1.06 | C9: =MAX(A9 - Inputs!D8, 0) * Inputs!D2 - Inputs!D10 -> 95399.985
A10: 1.0918 | B10: =MAX(Inputs!D7 - A10, 0) * Inputs!D2 - Inputs!D9 -> -1.06 | C10: =MAX(A10 - Inputs!D8, 0) * Inputs!D2 - Inputs!D10 -> 143099.99
A11: 1.1024 | B11: =MAX(Inputs!D7 - A11, 0) * Inputs!D2 - Inputs!D9 -> -1.06 | C11: =MAX(A11 - Inputs!D8, 0) * Inputs!D2 - Inputs!D10 -> 190799.98
A12: 1.113 | B12: =MAX(Inputs!D7 - A12, 0) * Inputs!D2 - Inputs!D9 -> -1.06 | C12: =MAX(A12 - Inputs!D8, 0) * Inputs!D2 - Inputs!D10 -> 238499.98

Sheet Sensitivity Grid
A1: S_T (Spot at maturity)
A2: 1.007
A3: 1.0176
A4: 1.0282
A5: 1.0388
A6: 1.0494
A7: 1.06
A8: 1.0706
A9: 1.0812
A10: 1.0918
A11: 1.1024
A12: 1.113

Sheet Summary
A1: Hedge Strategy | B1: USD Proceeds
A2: Forward Hedge | B2: ='Forward & Money Market'!B2 -> 4770000
A3: Money Market Hedge | B3: ='Forward & Money Market'!B6 -> 4869851.6
A5: Notes:
A6: Put and Call proceeds vary with S_T (see Option Hedges sheet).
